project_id,project_name,project_domain,section_name,mode,model_name,generated_text,used_chunks
hr_muiv,Система учета сотрудников,учет кадров в вузе,Основания для разработки,baseline,anthropic/claude-sonnet-4-20250514,"# 1. ОСНОВАНИЯ ДЛЯ РАЗРАБОТКИ

## 1.1 Документ, на основании которого ведется разработка

Разработка информационной системы учета сотрудников ведется на основании приказа ректора частного образовательного учреждения высшего образования «Московский университет имени С. Ю. Витте» о создании автоматизированной системы управления кадровыми процессами.

## 1.2 Организация, утвердившая документ

Частное образовательное учреждение высшего образования «Московский университет имени С. Ю. Витте».

## 1.3 Наименование и условное обозначение темы разработки

Наименование темы: «Разработка информационной системы учета сотрудников образовательного учреждения».

Условное обозначение: ИС-УС-2024.

## 1.4 Плановые сроки начала и окончания работы по созданию системы

Начало разработки: январь 2024 года.
Окончание разработки и ввод в эксплуатацию: декабрь 2024 года.

## 1.5 Сведения об источниках и порядке финансирования работ

Финансирование работ по созданию информационной системы осуществляется за счет собственных средств частного образовательного учреждения высшего образования «Московский университет имени С. Ю. Витте» в рамках программы цифровизации административно-управленческих процессов университета.

## 1.6 Порядок оформления и предъявления заказчику результатов работ по созданию системы

Результаты работ предъявляются заказчику поэтапно в соответствии с календарным планом проекта. Приемка осуществляется комиссией, назначаемой приказом ректора, с участием представителей кадровой службы, IT-отдела и пользователей системы. Окончательная приемка производится после успешного завершения опытной эксплуатации системы в течение одного месяца.",
hr_muiv,Система учета сотрудников,учет кадров в вузе,Основания для разработки,rag_gost,anthropic/claude-sonnet-4-20250514,"# 2. ОСНОВАНИЯ ДЛЯ РАЗРАБОТКИ

Разработка информационной системы учета сотрудников частного образовательного учреждения высшего образования «Московский университет имени С. Ю. Витте» осуществляется на основании следующих документов и обстоятельств:

**2.1.** Федеральный закон от 29.12.2012 № 273-ФЗ «Об образовании в Российской Федерации», устанавливающий требования к ведению кадрового учета в образовательных организациях высшего образования.

**2.2.** Трудовой кодекс Российской Федерации от 30.12.2001 № 197-ФЗ, регламентирующий порядок ведения кадрового делопроизводства и учета персонала.

**2.3.** Постановление Правительства РФ от 16.03.2011 № 174 «Об утверждении Положения о лицензировании образовательной деятельности», определяющее требования к кадровому обеспечению образовательных программ.

**2.4.** Приказ Минобрнауки России от 05.04.2017 № 301 «Об утверждении Порядка организации и осуществления образовательной деятельности по образовательным программам высшего образования», устанавливающий квалификационные требования к педагогическим работникам.

**2.5.** Устав частного образовательного учреждения высшего образования «Московский университет имени С. Ю. Витте» и внутренние локальные нормативные акты университета, регулирующие кадровую политику и документооборот.

**2.6.** Необходимость повышения эффективности управления кадровыми ресурсами университета путем автоматизации процессов учета штатного и совместительского персонала, обеспечения оперативного доступа к кадровой информации и формирования аналитических отчетов для принятия управленческих решений.

**2.7.** Потребность в обеспечении соответствия кадрового состава университета лицензионным требованиям и требованиям государственной аккредитации образовательных программ.

**2.8.** Решение руководства университета о модернизации информационной инфраструктуры и внедрении современных средств автоматизации административно-управленческих процессов.

Настоящее техническое задание разработано в соответствии с требованиями ГОСТ 19.201-78 «Техническое задание. Требования к содержанию и оформлению».","chunk_1, chunk_146, chunk_147, chunk_148, chunk_149, chunk_150, chunk_151, chunk_152"
hr_muiv,Система учета сотрудников,учет кадров в вузе,Основания для разработки,rag_full,anthropic/claude-sonnet-4-20250514,"# 2. ОСНОВАНИЯ ДЛЯ РАЗРАБОТКИ

Разработка информационной системы учета сотрудников ЧОУ ВО «Московский университет имени С. Ю. Витте» осуществляется на основании следующих документов и обстоятельств:

## 2.1. Нормативные документы

- Федеральный закон от 29.12.2012 № 273-ФЗ «Об образовании в Российской Федерации»;
- Трудовой кодекс Российской Федерации от 30.12.2001 № 197-ФЗ;
- Федеральный закон от 27.07.2006 № 152-ФЗ «О персональных данных»;
- Устав ЧОУ ВО «Московский университет имени С. Ю. Витте»;
- Положение о кадровой службе университета;
- Приказ ректора университета о создании информационной системы учета сотрудников.

## 2.2. Основания для создания системы

Необходимость разработки информационной системы учета сотрудников обусловлена:

- отсутствием единой автоматизированной системы ведения кадрового учета в университете;
- необходимостью повышения эффективности работы кадровой службы и оперативности получения информации о персонале;
- требованием обеспечения достоверности и актуальности кадровых данных для принятия управленческих решений;
- потребностью в автоматизации процессов формирования отчетности по кадровому составу для руководства университета и контролирующих органов;
- необходимостью централизованного хранения и обработки персональных данных сотрудников в соответствии с требованиями законодательства о защите персональных данных.

## 2.3. Документы, послужившие основанием для разработки

- Результаты обследования существующих процессов кадрового учета в университете;
- Техническое предложение по созданию информационной системы учета сотрудников;
- Решение ученого совета университета о необходимости автоматизации кадрового учета;
- Заключение службы информационной безопасности университета о требованиях к защите персональных данных в проектируемой системе.","chunk_2, chunk_1, chunk_61, chunk_284, chunk_90, chunk_365, chunk_420, chunk_388"
hr_muiv,Система учета сотрудников,учет кадров в вузе,Назначение системы,baseline,anthropic/claude-sonnet-4-20250514,"# 2. НАЗНАЧЕНИЕ СИСТЕМЫ

## 2.1 Назначение разработки

Информационная система учета сотрудников предназначена для автоматизации процессов кадрового учета в частном образовательном учреждении высшего образования «Московский университет имени С. Ю. Витте».

Система обеспечивает централизованное ведение кадровой документации, оперативный поиск информации о сотрудниках и формирование аналитических отчетов для принятия управленческих решений в области кадровой политики университета.

## 2.2 Область применения

Система предназначена для использования:

- службой управления персоналом университета для ведения кадрового учета и документооборота;
- руководством структурных подразделений для получения информации о подчиненных сотрудниках;
- административно-управленческим аппаратом университета для анализа кадрового состава и планирования кадровой политики;
- бухгалтерией для получения данных о штатном составе при расчете заработной платы.

Система охватывает учет всех категорий сотрудников университета: профессорско-преподавательского состава, административно-управленческого персонала, учебно-вспомогательного и обслуживающего персонала, работающих как на постоянной основе, так и по совместительству.

## 2.3 Цели создания системы

Основными целями создания системы являются:

- повышение эффективности работы кадровой службы за счет автоматизации рутинных операций по ведению кадрового учета;
- обеспечение оперативного доступа к актуальной информации о сотрудниках университета;
- минимизация временных затрат на поиск и обработку кадровой информации;
- повышение качества кадрового планирования и анализа за счет автоматизированного формирования отчетности;
- обеспечение достоверности и целостности кадровых данных;
- создание единого информационного пространства для кадрового учета в университете.",
hr_muiv,Система учета сотрудников,учет кадров в вузе,Назначение системы,rag_gost,anthropic/claude-sonnet-4-20250514,"# 3. НАЗНАЧЕНИЕ СИСТЕМЫ

## 3.1 Функциональное назначение

Система учета сотрудников предназначена для автоматизации процессов управления кадровой информацией в частном образовательном учреждении высшего образования «Московский университет имени С. Ю. Витте».

Система обеспечивает:
- централизованное ведение и хранение персональных данных штатных сотрудников и совместителей;
- автоматизированный поиск и фильтрацию кадровой информации по должностям и структурным подразделениям;
- формирование аналитических отчетов для кадровой службы и руководства университета;
- поддержку принятия управленческих решений в области кадровой политики.

## 3.2 Эксплуатационное назначение

Система предназначена для эксплуатации в условиях образовательного учреждения высшего образования и должна обеспечивать:
- повышение эффективности работы кадровой службы за счет автоматизации рутинных операций по ведению учета персонала;
- сокращение временных затрат на поиск и обработку кадровой информации;
- обеспечение достоверности и актуальности данных о сотрудниках;
- унификацию процедур кадрового учета в соответствии с требованиями трудового законодательства и внутренними регламентами университета.

Система должна функционировать в многопользовательском режиме с разграничением прав доступа в зависимости от должностных обязанностей пользователей.

## 3.3 Условия эксплуатации

Система должна эксплуатироваться в помещениях кадровой службы и административных подразделений университета при соблюдении требований по защите персональных данных в соответствии с Федеральным законом от 27.07.2006 № 152-ФЗ «О персональных данных».","chunk_1, chunk_146, chunk_147, chunk_148, chunk_149, chunk_150, chunk_151, chunk_152"
hr_muiv,Система учета сотрудников,учет кадров в вузе,Назначение системы,rag_full,anthropic/claude-sonnet-4-20250514,"# 3. НАЗНАЧЕНИЕ СИСТЕМЫ

## 3.1 Назначение системы

Система учета сотрудников предназначена для автоматизации деятельности по управлению кадровым составом в частном образовательном учреждении высшего образования «Московский университет имени С. Ю. Витте».

Объектом автоматизации является кадровое делопроизводство университета, включающее процессы учета, хранения и обработки информации о штатном и совместительском персонале всех структурных подразделений университета.

Система предназначена для использования в следующих подразделениях университета:
- отдел кадров;
- деканаты факультетов;
- кафедры;
- административно-управленческие подразделения;
- руководство университета.

## 3.2 Цели создания системы

Основными целями создания системы являются:

- обеспечение централизованного ведения базы данных сотрудников университета с возможностью оперативного доступа к актуальной кадровой информации;

- повышение эффективности работы кадровой службы за счет автоматизации процессов поиска, обработки и анализа кадровых данных;

- обеспечение руководства университета и структурных подразделений достоверной и своевременной отчетностью по кадровому составу;

- создание единого информационного пространства для управления кадровыми ресурсами университета;

- снижение трудозатрат на ведение кадрового учета и формирование отчетности;

- обеспечение соответствия кадрового учета требованиям действующего законодательства и внутренним регламентам университета.","chunk_2, chunk_61, chunk_284, chunk_1, chunk_90, chunk_30, chunk_364, chunk_420"
hr_muiv,Система учета сотрудников,учет кадров в вузе,Требования к системе,baseline,anthropic/claude-sonnet-4-20250514,"# 3. ТРЕБОВАНИЯ К СИСТЕМЕ

## 3.1 Требования к системе в целом

### 3.1.1 Требования к структуре и функционированию системы

Система учета сотрудников должна обеспечивать автоматизацию процессов кадрового учета в частном образовательном учреждении высшего образования «Московский университет имени С. Ю. Витте».

Система должна функционировать в составе следующих основных подсистем:
- подсистема ведения личных дел сотрудников;
- подсистема учета штатного расписания;
- подсистема формирования отчетности;
- подсистема поиска и фильтрации данных;
- подсистема администрирования и управления доступом.

Система должна обеспечивать централизованное хранение и обработку кадровых данных с возможностью одновременной работы не менее 20 пользователей.

### 3.1.2 Требования к численности и квалификации персонала

Для эксплуатации системы требуется персонал следующих категорий:
- администратор системы — 1 человек с высшим техническим образованием и опытом администрирования информационных систем не менее 2 лет;
- специалисты кадровой службы — не более 5 человек с навыками работы с персональным компьютером на уровне уверенного пользователя;
- руководящий персонал — не ограничено, с базовыми навыками работы с компьютером.

## 3.2 Требования к функциям, выполняемым системой

### 3.2.1 Функции ведения кадровых данных

Система должна обеспечивать:
- ввод, хранение и редактирование персональных данных сотрудников (ФИО, дата рождения, паспортные данные, контактная информация);
- ведение сведений о трудовой деятельности (должность, подразделение, дата приема, условия трудового договора);
- учет образования и квалификации сотрудников;
- фиксацию изменений в трудовых отношениях (переводы, изменения должностных окладов, отпуска, командировки);
- ведение данных о штатных сотрудниках и внешних совместителях.

### 3.2.2 Функции поиска и фильтрации

Система должна обеспечивать поиск сотрудников по следующим критериям:
- фамилия, имя, отчество (полное и частичное совпадение);
- должность;
- структурное подразделение;
- дата приема на работу;
- тип трудовых отношений (штатный сотрудник, совместитель).

### 3.2.3 Функции формирования отчетности

Система должна формировать следующие виды отчетов:
- списочный состав сотрудников по подразделениям;
- штатное расписание с указанием занятых и вакантных должностей;
- сведения о движении кадров за указанный период;
- статистические отчеты по возрастному составу, образованию, стажу работы;
- отчеты для представления в контролирующие органы.

## 3.3 Требования к видам обеспечения

### 3.3.1 Требования к математическому обеспечению

Система должна использовать стандартные алгоритмы:
- сортировки и поиска данных;
- формирования отчетов;
- резервного копирования и восстановления данных.

### 3.3.2 Требования к информационному обеспечению

Система должна обеспечивать хранение и обработку следующих групп данных:
- персональные данные сотрудников;
- данные о структуре университета (факультеты, кафедры, отделы);
- справочники должностей и квалификационных требований;
- данные о трудовых договорах и дополнительных соглашениях.

Структура базы данных должна соответствовать требованиям нормализации и обеспечивать целостность хранимой информации.

### 3.3.3 Требования к лингвистическому обеспечению

Интерфейс системы должен быть выполнен на русском языке. Система должна поддерживать ввод и отображение текстовой информации в кодировке UTF-8.

### 3.3.4 Требования к программному обеспечению

Система должна функционировать под управлением операционных систем семейства Windows (версии 10 и выше) или Linux. Для работы с базой данных должна использоваться СУБД, поддерживающая стандарт SQL.

### 3.3.5 Требования к техническому обеспечению

Минимальные требования к серверному оборудованию:
- процессор с частотой не менее 2,0 ГГц;
- оперативная память не менее 4 ГБ;
- дисковое пространство не менее 100 ГБ;
- сетевой интерфейс 100 Мбит/с.

Минимальные требования к рабочим местам пользователей:
- процессор с частотой не менее 1,5 ГГц;
- оперативная память не менее 2 ГБ;
- монитор с разрешением не менее 1024×768 пикселей.",
hr_muiv,Система учета сотрудников,учет кадров в вузе,Требования к системе,rag_gost,anthropic/claude-sonnet-4-20250514,"# 4. ТРЕБОВАНИЯ К СИСТЕМЕ

## 4.1. Требования к системе в целом

### 4.1.1. Требования к структуре и функционированию системы

Система учета сотрудников должна представлять собой единую информационную систему, обеспечивающую автоматизацию процессов кадрового учета в частном образовательном учреждении высшего образования «Московский университет имени С. Ю. Витте».

Система должна обеспечивать:
- централизованное хранение и обработку персональных данных штатных и совместительских сотрудников;
- ведение актуальной информации о кадровом составе университета;
- поддержку многопользовательского режима работы с разграничением прав доступа;
- интеграцию с существующими информационными системами университета.

### 4.1.2. Требования к численности и квалификации пользователей

Система должна обеспечивать одновременную работу не менее 20 пользователей различных категорий:
- специалисты кадровой службы (до 5 пользователей);
- руководители структурных подразделений (до 10 пользователей);
- административно-управленческий персонал (до 5 пользователей).

Система должна предоставлять интуитивно понятный интерфейс, не требующий специальной подготовки пользователей в области информационных технологий.

## 4.2. Требования к функциям, выполняемым системой

### 4.2.1. Функции ведения кадровой информации

Система должна обеспечивать:
- регистрацию и ведение личных карточек сотрудников с указанием персональных данных, образования, трудового стажа, занимаемых должностей;
- учет штатных и совместительских сотрудников с указанием типа трудовых отношений;
- ведение информации о структурных подразделениях университета и их штатном расписании;
- фиксацию кадровых перемещений, изменений должностных обязанностей и условий труда;
- архивирование данных об уволенных сотрудниках с возможностью их восстановления.

### 4.2.2. Функции поиска и фильтрации

Система должна предоставлять возможности:
- поиска сотрудников по фамилии, имени, отчеству с поддержкой нечеткого поиска;
- фильтрации по должности, структурному подразделению, типу трудовых отношений;
- формирования списков сотрудников по заданным критериям;
- быстрого доступа к часто используемым запросам.

### 4.2.3. Функции формирования отчетности

Система должна обеспечивать формирование следующих видов отчетов:
- списочный состав сотрудников по подразделениям;
- штатное расписание с указанием занятых и вакантных должностей;
- сводные данные о кадровом составе для руководства;
- статистические отчеты по возрастному составу, образованию, стажу работы;
- отчеты для предоставления в контролирующие органы.

## 4.3. Требования к видам обеспечения

### 4.3.1. Требования к математическому обеспечению

Система должна использовать стандартные алгоритмы обработки текстовой информации, включая алгоритмы нечеткого поиска и сортировки данных.

### 4.3.2. Требования к информационному обеспечению

Система должна обеспечивать:
- структурированное хранение данных в реляционной базе данных;
- соответствие структуры данных требованиям трудового законодательства Российской Федерации;
- возможность импорта данных из внешних источников в стандартных форматах;
- резервное копирование и восстановление информации.

### 4.3.3. Требования к лингвистическому обеспечению

Интерфейс системы должен быть выполнен на русском языке. Система должна поддерживать ввод и отображение текстовой информации в кодировке UTF-8.

### 4.3.4. Требования к программному обеспечению

Система должна функционировать под управлением операционных систем семейства Windows (версии 10 и выше) или Linux. Для работы с системой должны использоваться стандартные веб-браузеры.

### 4.3.5. Требования к техническому обеспечению

Система должна функционировать на серверном оборудовании с характеристиками:
- процессор: не менее 4 ядер с частотой 2,4 ГГц;
- оперативная память: не менее 8 ГБ;
- дисковое пространство: не менее 500 ГБ для хранения данных.

Рабочие места пользователей должны соответствовать минимальным системным требованиям для работы с веб-приложениями.

## 4.4. Требования к надежности

Система должна обеспечивать:
- коэффициент готовности не менее 0,95;
- время восстановления работоспособности после сбоя не более 4 часов;
- автоматическое резервное копирование данных не реже одного раза в сутки;
- контроль целостности данных при выполнении операций.

## 4.5. Требования к безопасности

Система должна обеспечивать:
- аутентификацию пользователей по логину и паролю;
- разграничение прав доступа в соответствии с должностными обязанностями пользователей;
- протоколирование действий пользователей с возможностью аудита;
- защиту персональных данных в соответствии с требованиями Федерального закона «О персональных данных»;
- шифрование данных при передаче по сети.","chunk_1, chunk_146, chunk_147, chunk_148, chunk_149, chunk_150, chunk_151, chunk_152"
hr_muiv,Система учета сотрудников,учет кадров в вузе,Требования к системе,rag_full,anthropic/claude-sonnet-4-20250514,"# 4. ТРЕБОВАНИЯ К СИСТЕМЕ

## 4.1. Требования к системе в целом

Система учета сотрудников должна обеспечивать автоматизацию процессов кадрового учета в ЧОУ ВО «Московский университет имени С. Ю. Витте» в соответствии с требованиями трудового законодательства Российской Федерации и внутренними нормативными документами университета.

Система должна функционировать в многопользовательском режиме с разграничением прав доступа в зависимости от категории пользователей. Обеспечивается одновременная работа не менее 50 пользователей без снижения производительности.

Система должна обеспечивать целостность, достоверность и актуальность кадровых данных, а также их защиту от несанкционированного доступа в соответствии с требованиями Федерального закона «О персональных данных» от 27.07.2006 № 152-ФЗ.

Время отклика системы на запросы пользователей не должно превышать 3 секунд при стандартной нагрузке. Коэффициент готовности системы должен составлять не менее 0,98.

## 4.2. Требования к функциям, выполняемым системой

### 4.2.1. Ведение кадровых данных

Система должна обеспечивать:
- ведение личных карточек сотрудников с полным набором персональных данных, сведений об образовании, трудовой деятельности, семейном положении;
- учет штатных и внештатных сотрудников, включая совместителей;
- ведение должностных инструкций и квалификационных требований;
- фиксацию кадровых перемещений, изменений должностных окладов, присвоения ученых степеней и званий.

### 4.2.2. Управление организационной структурой

Система должна поддерживать:
- ведение справочника структурных подразделений университета (факультеты, кафедры, административные службы);
- управление штатным расписанием с указанием количества ставок по каждой должности;
- отслеживание вакантных должностей и укомплектованности подразделений.

### 4.2.3. Поиск и фильтрация данных

Система должна обеспечивать поиск сотрудников по следующим критериям:
- фамилия, имя, отчество (с поддержкой нечеткого поиска);
- структурное подразделение;
- должность;
- категория персонала (профессорско-преподавательский состав, административно-управленческий персонал, учебно-вспомогательный персонал);
- тип трудовых отношений (основное место работы, внутреннее совместительство, внешнее совместительство).

### 4.2.4. Формирование отчетности

Система должна формировать следующие отчеты:
- списочный состав сотрудников по подразделениям;
- штатное расписание с указанием занятых и вакантных должностей;
- сведения о возрастном составе персонала;
- отчеты о движении кадров за указанный период;
- статистические отчеты для представления в контролирующие органы.

## 4.3. Требования к видам обеспечения

### 4.3.1. Требования к информационному обеспечению

Система должна содержать следующие основные информационные объекты:
- личные данные сотрудников;
- организационная структура университета;
- штатное расписание;
- справочники должностей, подразделений, типов документов.

Структура базы данных должна обеспечивать нормализацию данных и исключать избыточность информации.

### 4.3.2. Требования к программному обеспечению

Система должна функционировать под управлением операционных систем семейства Windows Server (версия не ниже 2016) или Linux (дистрибутивы на базе ядра версии не ниже 4.0).

В качестве системы управления базами данных должна использоваться PostgreSQL версии не ниже 12.0 или Microsoft SQL Server версии не ниже 2017.

Клиентская часть должна функционировать в современных веб-браузерах с поддержкой HTML5 и JavaScript.

### 4.3.3. Требования к техническому обеспечению

Минимальные требования к серверному оборудованию:
- процессор: 4-ядерный с частотой не менее 2,4 ГГц;
- оперативная память: не менее 16 ГБ;
- дисковое пространство: не менее 500 ГБ с возможностью расширения.

Требования к рабочим местам пользователей:
- процессор: 2-ядерный с частотой не менее 2,0 ГГц;
- оперативная память: не менее 4 ГБ;
- разрешение экрана: не менее 1366×768 пикселей.

### 4.3.4. Требования к защите информации

Система должна обеспечивать:
- аутентификацию пользователей по логину и паролю;
- разграничение прав доступа на уровне функций и данных;
- протоколирование действий пользователей;
- шифрование персональных данных при хранении и передаче;
- резервное копирование данных с возможностью восстановления.

Система должна соответствовать требованиям к защите персональных данных 1-го класса защищенности согласно Постановлению Правительства РФ от 01.11.2012 № 1119.","chunk_2, chunk_398, chunk_61, chunk_284, chunk_1, chunk_90, chunk_364, chunk_420"
vkr_support,Система поддержки ВКР,образовательные процессы в вузе,Основания для разработки,baseline,anthropic/claude-sonnet-4-20250514,"# 1. ОСНОВАНИЯ ДЛЯ РАЗРАБОТКИ

## 1.1 Документ, на основании которого ведется разработка

Разработка информационной системы поддержки выпускных квалификационных работ (далее — ИС ВКР) ведется на основании:

- Федерального закона от 29.12.2012 № 273-ФЗ «Об образовании в Российской Федерации»;
- Приказа Минобрнауки России от 29.06.2015 № 636 «Об утверждении Порядка проведения государственной итоговой аттестации по образовательным программам высшего образования — программам бакалавриата, программам специалитета и программам магистратуры»;
- Федеральных государственных образовательных стандартов высшего образования;
- Положения о выпускных квалификационных работах образовательной организации;
- Решения руководства образовательной организации о необходимости автоматизации процессов подготовки и хранения выпускных квалификационных работ.

## 1.2 Наименование и условное обозначение темы разработки

Наименование темы разработки: «Информационная система поддержки выпускных квалификационных работ».

Условное обозначение: ИС ВКР.

## 1.3 Плановые сроки начала и окончания работы по созданию системы

Сроки разработки и внедрения ИС ВКР определяются техническим заданием и календарным планом проекта, согласованным с заказчиком.

Начало работ планируется с момента утверждения настоящего технического задания.

Окончание работ по созданию системы планируется к началу периода подготовки выпускных квалификационных работ в соответствии с учебным планом образовательной организации.

## 1.4 Сведения об источниках и порядке финансирования работ

Источники финансирования и порядок финансирования работ по созданию ИС ВКР определяются в соответствии с договором между заказчиком и исполнителем или внутренними распорядительными документами образовательной организации при выполнении работ собственными силами.",
vkr_support,Система поддержки ВКР,образовательные процессы в вузе,Основания для разработки,rag_gost,anthropic/claude-sonnet-4-20250514,"# 2. ОСНОВАНИЯ ДЛЯ РАЗРАБОТКИ

Разработка информационной системы поддержки выпускных квалификационных работ (далее — Система) осуществляется в соответствии с требованиями федерального законодательства в сфере образования и внутренними нормативными актами образовательной организации.

Правовыми основаниями для создания Системы являются:

— Федеральный закон от 29.12.2012 № 273-ФЗ «Об образовании в Российской Федерации», устанавливающий требования к организации образовательного процесса и итоговой аттестации обучающихся;

— Приказ Министерства науки и высшего образования Российской Федерации от 06.04.2021 № 245 «Об утверждении Порядка организации и осуществления образовательной деятельности по образовательным программам высшего образования — программам бакалавриата, программам специалитета, программам магистратуры»;

— Федеральные государственные образовательные стандарты высшего образования по соответствующим направлениям подготовки;

— Положение о выпускных квалификационных работах образовательной организации;

— Решение ученого совета образовательной организации о необходимости автоматизации процессов подготовки и защиты выпускных квалификационных работ.

Техническими основаниями для разработки являются:

— необходимость повышения эффективности управления процессом подготовки выпускных квалификационных работ;

— потребность в централизованном хранении и систематизации информации о темах ВКР, научных руководителях и ходе выполнения работ;

— требование обеспечения прозрачности и контролируемости процесса подготовки ВКР для всех участников образовательного процесса;

— необходимость создания электронного архива выпускных квалификационных работ с разграничением доступа по ролям пользователей.

Экономическими основаниями служат:

— снижение трудозатрат сотрудников деканатов на ведение документооборота по ВКР;

— сокращение времени на поиск и предоставление информации о ходе подготовки выпускных работ;

— исключение дублирования данных и минимизация ошибок при ведении учетной документации.","chunk_1, chunk_146, chunk_147, chunk_148, chunk_149, chunk_150, chunk_151, chunk_152"
vkr_support,Система поддержки ВКР,образовательные процессы в вузе,Основания для разработки,rag_full,anthropic/claude-sonnet-4-20250514,"# 2. ОСНОВАНИЯ ДЛЯ РАЗРАБОТКИ

Разработка информационной системы поддержки выпускных квалификационных работ осуществляется на основании следующих документов и обстоятельств:

## 2.1. Нормативные документы

2.1.1. Федеральный закон от 29.12.2012 № 273-ФЗ «Об образовании в Российской Федерации», устанавливающий требования к организации образовательного процесса и итоговой аттестации обучающихся.

2.1.2. Приказ Минобрнауки России от 29.06.2015 № 636 «Об утверждении Порядка проведения государственной итоговой аттестации по образовательным программам высшего образования — программам бакалавриата, программам специалитета и программам магистратуры».

2.1.3. Федеральные государственные образовательные стандарты высшего образования по реализуемым в университете направлениям подготовки.

2.1.4. Устав университета и локальные нормативные акты, регламентирующие порядок подготовки и защиты выпускных квалификационных работ.

## 2.2. Организационные основания

2.2.1. Решение ученого совета университета о необходимости совершенствования процессов управления подготовкой выпускных квалификационных работ и повышения качества их организационно-методического сопровождения.

2.2.2. Приказ ректора университета о создании информационной системы поддержки ВКР в рамках развития цифровой образовательной среды вуза.

## 2.3. Технические и методические основания

2.3.1. Результаты анализа существующих процессов подготовки ВКР, выявившие необходимость автоматизации следующих операций:
- регистрации и учета тем выпускных квалификационных работ;
- закрепления научных руководителей за студентами;
- контроля хода выполнения работ;
- организации документооборота между участниками процесса;
- формирования отчетности по подготовке ВКР.

2.3.2. Требования по обеспечению долгосрочного хранения и систематизации выпускных квалификационных работ в электронном виде с возможностью поиска и аналитической обработки.

2.3.3. Необходимость разграничения доступа к информации о ВКР в соответствии с ролями участников образовательного процесса и требованиями информационной безопасности.

2.3.4. Потребность в интеграции системы с существующей информационной инфраструктурой университета для обеспечения единого информационного пространства.","chunk_1, chunk_2, chunk_90, chunk_284, chunk_61, chunk_364, chunk_379, chunk_388"
vkr_support,Система поддержки ВКР,образовательные процессы в вузе,Назначение системы,baseline,anthropic/claude-sonnet-4-20250514,"# 2. НАЗНАЧЕНИЕ СИСТЕМЫ

## 2.1 Назначение разработки

Система поддержки ВКР предназначена для автоматизации процессов подготовки, сопровождения и хранения выпускных квалификационных работ студентов в образовательной организации высшего образования.

Разработка системы направлена на:
- повышение эффективности управления процессом подготовки выпускных квалификационных работ;
- обеспечение централизованного учета и контроля выполнения ВКР;
- создание единого информационного пространства для взаимодействия студентов, научных руководителей и административного персонала;
- формирование электронного архива выпускных квалификационных работ с возможностью поиска и аналитической обработки данных.

## 2.2 Область применения

Система поддержки ВКР применяется в структурных подразделениях образовательной организации, осуществляющих подготовку специалистов, бакалавров и магистров, для автоматизации следующих процессов:
- регистрация и утверждение тем выпускных квалификационных работ;
- закрепление научных руководителей за студентами;
- контроль хода выполнения ВКР на всех этапах подготовки;
- загрузка, хранение и версионный контроль текстов выпускных работ;
- формирование отчетной документации по процессу подготовки ВКР;
- обеспечение доступа к архиву защищенных выпускных квалификационных работ.

Система предназначена для использования студентами выпускных курсов, научными руководителями, сотрудниками деканатов, учебно-методических управлений и библиотечных служб образовательной организации.",
vkr_support,Система поддержки ВКР,образовательные процессы в вузе,Назначение системы,rag_gost,anthropic/claude-sonnet-4-20250514,"# 3. НАЗНАЧЕНИЕ СИСТЕМЫ

## 3.1 Функциональное назначение

Система поддержки ВКР предназначена для автоматизации процессов подготовки, сопровождения и архивного хранения выпускных квалификационных работ студентов высшего учебного заведения.

Система обеспечивает комплексную информационную поддержку следующих процессов:
- регистрация и утверждение тем выпускных квалификационных работ;
- закрепление научных руководителей за студентами;
- контроль этапов выполнения ВКР;
- загрузка и версионное управление текстами работ;
- организация доступа к архиву защищенных ВКР;
- формирование отчетности по процессам подготовки ВКР.

## 3.2 Эксплуатационное назначение

Система предназначена для эксплуатации в структурных подразделениях высшего учебного заведения, участвующих в организации и проведении итоговой государственной аттестации студентов.

Основными пользователями системы являются:
- студенты выпускных курсов;
- научные руководители ВКР;
- сотрудники деканатов факультетов;
- сотрудники учебно-методических подразделений;
- члены государственных экзаменационных комиссий;
- администраторы системы.

Система должна функционировать в рамках существующей информационно-технологической инфраструктуры университета и обеспечивать интеграцию с действующими информационными системами учебного процесса.

## 3.3 Условия эксплуатации

Система должна обеспечивать круглосуточную доступность в период подготовки и защиты ВКР с возможностью планового технического обслуживания в нерабочее время.

Эксплуатация системы должна осуществляться в соответствии с требованиями информационной безопасности, установленными в высшем учебном заведении, включая разграничение доступа к информации в зависимости от роли пользователя и статуса выпускной квалификационной работы.","chunk_1, chunk_146, chunk_147, chunk_148, chunk_149, chunk_150, chunk_151, chunk_152"
vkr_support,Система поддержки ВКР,образовательные процессы в вузе,Назначение системы,rag_full,anthropic/claude-sonnet-4-20250514,"# 3. НАЗНАЧЕНИЕ СИСТЕМЫ

## 3.1. Назначение системы

Система поддержки ВКР предназначена для автоматизации процессов подготовки, сопровождения и хранения выпускных квалификационных работ студентов в образовательной организации высшего образования.

Система обеспечивает автоматизацию следующих видов деятельности:
- управление процессом подготовки выпускных квалификационных работ;
- документооборот в рамках выполнения ВКР;
- информационное взаимодействие участников образовательного процесса;
- архивное хранение и предоставление доступа к завершенным ВКР.

Объектами автоматизации являются:
- процессы регистрации и утверждения тем выпускных квалификационных работ;
- процессы закрепления научных руководителей за студентами;
- процессы загрузки, версионирования и контроля промежуточных и итоговых материалов ВКР;
- процессы предоставления доступа к архиву выпускных квалификационных работ;
- процессы мониторинга хода выполнения ВКР.

## 3.2. Цели создания системы

Основными целями создания системы являются:

- повышение эффективности управления процессом подготовки выпускных квалификационных работ за счет централизации информации и автоматизации документооборота;

- обеспечение прозрачности и контролируемости процесса выполнения ВКР для всех участников образовательного процесса;

- создание единого информационного пространства для взаимодействия студентов, научных руководителей и сотрудников деканатов;

- формирование структурированного электронного архива выпускных квалификационных работ с возможностью поиска и предоставления доступа в соответствии с установленными правами пользователей;

- снижение трудозатрат сотрудников деканатов на административное сопровождение процесса подготовки ВКР;

- обеспечение сохранности и доступности результатов научно-исследовательской деятельности студентов для дальнейшего использования в образовательном процессе.","chunk_2, chunk_90, chunk_284, chunk_1, chunk_364, chunk_61, chunk_30, chunk_396"
vkr_support,Система поддержки ВКР,образовательные процессы в вузе,Требования к системе,baseline,anthropic/claude-sonnet-4-20250514,"# 3. ТРЕБОВАНИЯ К СИСТЕМЕ

## 3.1 Требования к системе в целом

### 3.1.1 Требования к структуре и функционированию системы

Система поддержки ВКР должна представлять собой многопользовательскую информационную систему, обеспечивающую автоматизацию процессов подготовки, сопровождения и архивирования выпускных квалификационных работ студентов.

Система должна функционировать в архитектуре «клиент-сервер» с веб-интерфейсом и обеспечивать одновременную работу не менее 100 пользователей.

Система должна поддерживать следующие основные процессы:
- регистрация и утверждение тем ВКР;
- назначение и смена научных руководителей;
- загрузка и версионирование текстов работ;
- контроль выполнения календарных планов;
- формирование отчетной документации;
- архивирование завершенных работ.

### 3.1.2 Требования к надежности

Система должна обеспечивать:
- коэффициент готовности не менее 0,98;
- время восстановления после сбоя не более 4 часов;
- автоматическое резервное копирование данных с периодичностью не реже одного раза в сутки;
- сохранность данных при аварийных отключениях питания.

### 3.1.3 Требования к безопасности

Система должна обеспечивать:
- аутентификацию пользователей по логину и паролю;
- разграничение доступа в соответствии с ролевой моделью;
- защиту от несанкционированного доступа к файлам ВКР;
- ведение журнала действий пользователей;
- шифрование передаваемых данных по протоколу HTTPS.

## 3.2 Требования к функциям системы

### 3.2.1 Управление темами ВКР

Система должна обеспечивать:
- ввод и редактирование тем ВКР с указанием направления подготовки, кафедры, предполагаемого руководителя;
- утверждение тем уполномоченными сотрудниками деканата;
- закрепление тем за студентами с формированием приказа;
- контроль уникальности тем в рамках учебного года и направления подготовки.

### 3.2.2 Управление научным руководством

Система должна обеспечивать:
- назначение научных руководителей из числа преподавателей кафедр;
- изменение руководителя с сохранением истории назначений;
- контроль нагрузки преподавателей по количеству курируемых работ;
- уведомление руководителей о назначениях и изменениях.

### 3.2.3 Управление файлами работ

Система должна обеспечивать:
- загрузку файлов в форматах DOC, DOCX, PDF размером до 50 МБ;
- версионирование загружаемых файлов с сохранением истории изменений;
- проверку загружаемых файлов на наличие вирусов;
- возможность добавления комментариев к версиям файлов.

### 3.2.4 Контроль выполнения работ

Система должна обеспечивать:
- ведение календарных планов выполнения ВКР;
- отметки о выполнении этапов работы;
- формирование уведомлений о приближающихся сроках;
- генерацию отчетов о ходе выполнения работ по кафедрам и направлениям.

## 3.3 Требования к видам обеспечения

### 3.3.1 Требования к математическому обеспечению

Система должна реализовывать алгоритмы:
- проверки уникальности тем ВКР;
- контроля соблюдения календарных планов;
- формирования статистических отчетов;
- поиска работ по различным критериям.

### 3.3.2 Требования к информационному обеспечению

Система должна содержать справочники:
- направлений подготовки и специальностей;
- кафедр и факультетов;
- преподавателей с указанием должностей и ученых степеней;
- студентов с указанием групп и направлений подготовки.

Система должна хранить данные о:
- темах ВКР с полной атрибутивной информацией;
- назначениях научных руководителей;
- версиях файлов работ с метаданными;
- календарных планах и отметках об их выполнении.

### 3.3.3 Требования к программному обеспечению

Система должна функционировать под управлением:
- серверной операционной системы семейства Linux или Windows Server;
- СУБД, поддерживающей стандарт SQL (PostgreSQL, MySQL, MS SQL Server);
- веб-сервера Apache или IIS.

Клиентская часть должна функционировать в веб-браузерах Chrome, Firefox, Safari, Edge актуальных версий.

### 3.3.4 Требования к техническому обеспечению

Минимальные требования к серверному оборудованию:
- процессор: 4 ядра, частота 2,4 ГГц;
- оперативная память: 8 ГБ;
- дисковое пространство: 500 ГБ;
- сетевое подключение: 100 Мбит/с.

Требования к клиентским рабочим местам:
- процессор: 2 ядра, частота 1,8 ГГц;
- оперативная память: 4 ГБ;
- сетевое подключение: 10 Мбит/с;
- разрешение экрана: не менее 1024×768 пикселей.",
vkr_support,Система поддержки ВКР,образовательные процессы в вузе,Требования к системе,rag_gost,anthropic/claude-sonnet-4-20250514,"# 4. ТРЕБОВАНИЯ К СИСТЕМЕ

## 4.1. Требования к системе в целом

### 4.1.1. Функциональные требования

Система поддержки ВКР должна обеспечивать автоматизацию следующих процессов:

4.1.1.1. **Управление темами выпускных квалификационных работ:**
- регистрация и ведение реестра тем ВКР по направлениям подготовки;
- закрепление тем за студентами с учетом их академических показателей и предпочтений;
- контроль уникальности тематики в рамках направления подготовки и учебного года;
- формирование отчетности по распределению тем.

4.1.1.2. **Управление научным руководством:**
- ведение базы данных научных руководителей с указанием их квалификации и нагрузки;
- автоматизированное закрепление научных руководителей за студентами;
- контроль соблюдения нормативов нагрузки преподавателей;
- обеспечение взаимодействия между студентами и руководителями в рамках системы.

4.1.1.3. **Управление процессом подготовки ВКР:**
- загрузка и версионирование промежуточных материалов работы;
- контроль соблюдения календарного плана выполнения ВКР;
- фиксация этапов готовности работы и отметок научного руководителя;
- автоматизированное формирование уведомлений о приближающихся сроках.

4.1.1.4. **Архивирование и обеспечение доступа к ВКР:**
- централизованное хранение итоговых версий выпускных квалификационных работ;
- организация поиска и фильтрации работ по различным критериям;
- обеспечение долгосрочного хранения с возможностью миграции данных;
- формирование статистических отчетов по архиву ВКР.

### 4.1.2. Требования к надежности

4.1.2.1. Система должна обеспечивать коэффициент готовности не менее 0,98 в течение учебного года.

4.1.2.2. Среднее время восстановления работоспособности системы после сбоя не должно превышать 4 часов.

4.1.2.3. Система должна обеспечивать автоматическое резервное копирование данных с периодичностью не реже одного раза в сутки.

### 4.1.3. Требования безопасности

4.1.3.1. Система должна обеспечивать разграничение доступа на основе ролевой модели с выделением следующих основных ролей:
- студент;
- научный руководитель;
- сотрудник деканата;
- администратор системы.

4.1.3.2. Доступ к системе должен осуществляться посредством аутентификации пользователей с использованием учетных записей корпоративной информационной системы университета.

4.1.3.3. Система должна обеспечивать протоколирование всех операций пользователей с возможностью аудита действий.

4.1.3.4. Конфиденциальные данные должны храниться в зашифрованном виде с использованием современных криптографических алгоритмов.

### 4.1.4. Требования к эргономике и технической эстетике

4.1.4.1. Пользовательский интерфейс должен соответствовать принципам интуитивности и простоты использования.

4.1.4.2. Система должна обеспечивать адаптивный дизайн для работы на различных устройствах (персональные компьютеры, планшеты, мобильные устройства).

4.1.4.3. Время отклика системы на запросы пользователя не должно превышать 3 секунд при стандартной нагрузке.

### 4.1.5. Требования к составу и параметрам технических средств

4.1.5.1. Система должна функционировать в архитектуре клиент-сервер с веб-интерфейсом.

4.1.5.2. Серверная часть должна обеспечивать одновременную работу не менее 200 пользователей.

4.1.5.3. Система должна поддерживать масштабирование при увеличении количества пользователей и объема данных.

### 4.1.6. Требования к информационной и программной совместимости

4.1.6.1. Система должна обеспечивать интеграцию с существующими информационными системами университета:
- система управления учебным процессом;
- система электронного документооборота;
- корпоративная система аутентификации.

4.1.6.2. Система должна поддерживать экспорт данных в стандартных форматах (PDF, MS Office, XML).

4.1.6.3. Должна быть обеспечена возможность интеграции с внешними системами проверки на плагиат.","chunk_1, chunk_146, chunk_147, chunk_148, chunk_149, chunk_150, chunk_151, chunk_152"
vkr_support,Система поддержки ВКР,образовательные процессы в вузе,Требования к системе,rag_full,anthropic/claude-sonnet-4-20250514,"# 4. ТРЕБОВАНИЯ К СИСТЕМЕ

## 4.1. Требования к системе в целом

Система поддержки ВКР должна обеспечивать автоматизацию процессов подготовки, сопровождения и архивного хранения выпускных квалификационных работ студентов университета в соответствии с требованиями федеральных государственных образовательных стандартов высшего образования и локальными нормативными актами университета.

Система должна функционировать в режиме многопользовательского доступа с разграничением прав доступа в зависимости от роли пользователя. Время непрерывной работы системы должно составлять не менее 16 часов в сутки в рабочие дни и не менее 8 часов в выходные и праздничные дни.

Система должна обеспечивать одновременную работу не менее 100 пользователей без снижения производительности. Время отклика системы на запросы пользователей не должно превышать 3 секунд при стандартной нагрузке.

## 4.2. Требования к функциям, выполняемым системой

### 4.2.1. Управление темами ВКР

Система должна обеспечивать:
- регистрацию и ведение реестра тем выпускных квалификационных работ по направлениям подготовки и кафедрам;
- утверждение тем ВКР уполномоченными сотрудниками деканатов;
- закрепление тем за студентами с указанием научного руководителя;
- возможность корректировки формулировок тем в установленные сроки;
- формирование отчетов по распределению тем ВКР.

### 4.2.2. Управление научным руководством

Система должна обеспечивать:
- ведение базы данных научных руководителей с указанием их квалификации и нагрузки;
- назначение и смену научных руководителей;
- контроль соблюдения нормативов нагрузки научных руководителей;
- уведомление руководителей о назначении и изменениях в составе руководимых студентов.

### 4.2.3. Управление версиями работ

Система должна обеспечивать:
- загрузку промежуточных и итоговых версий ВКР в электронном виде;
- контроль версий документов с возможностью отслеживания истории изменений;
- проверку соответствия загружаемых файлов установленным требованиям к формату и объему;
- возможность добавления комментариев и рецензий к версиям работ;
- автоматическое уведомление участников процесса о загрузке новых версий.

### 4.2.4. Архивное хранение

Система должна обеспечивать:
- долгосрочное хранение защищенных ВКР в электронном архиве;
- поиск работ по различным критериям (автор, руководитель, тема, год защиты, направление подготовки);
- экспорт метаданных о работах для внешних систем;
- формирование статистических отчетов по архиву ВКР.

## 4.3. Требования к видам обеспечения

### 4.3.1. Требования к информационному обеспечению

Система должна интегрироваться с существующими информационными системами университета для получения актуальных данных о студентах, преподавателях и учебных планах. Структура базы данных должна обеспечивать целостность и непротиворечивость хранимой информации.

### 4.3.2. Требования к программному обеспечению

Система должна функционировать на базе современных веб-технологий с обеспечением кроссплатформенности и кроссбраузерности. Пользовательский интерфейс должен быть адаптивным и обеспечивать удобство работы на различных устройствах.

### 4.3.3. Требования к техническому обеспечению

Система должна функционировать на серверном оборудовании университета с возможностью масштабирования при увеличении нагрузки. Должна быть обеспечена возможность резервного копирования данных и восстановления системы в случае сбоев.

### 4.3.4. Требования к информационной безопасности

Система должна обеспечивать:
- аутентификацию пользователей через единую систему авторизации университета;
- разграничение доступа к функциям и данным в соответствии с ролевой моделью;
- защиту персональных данных в соответствии с требованиями федерального законодательства;
- ведение журнала аудита действий пользователей;
- защиту от несанкционированного доступа к архиву ВКР.

### 4.3.5. Требования к эргономике и технической эстетике

Интерфейс системы должен соответствовать принципам юзабилити и обеспечивать интуитивно понятную навигацию. Система должна предоставлять контекстную справочную информацию и руководство пользователя.","chunk_90, chunk_364, chunk_284, chunk_2, chunk_61, chunk_1, chunk_398, chunk_379"
edo_department,Подсистема ЭДО кафедры,электронный документооборот,Основания для разработки,baseline,anthropic/claude-sonnet-4-20250514,"# 1. ОСНОВАНИЯ ДЛЯ РАЗРАБОТКИ

## 1.1 Документ, на основании которого ведется разработка

Разработка подсистемы электронного документооборота кафедры ведется на основании решения ученого совета университета о модернизации корпоративной информационной системы и внедрении цифровых технологий в административные процессы образовательной организации.

## 1.2 Организация, утвердившая документ

Документ-основание утвержден ректором университета в рамках программы цифровой трансформации образовательного процесса и административно-хозяйственной деятельности.

## 1.3 Наименование и условное обозначение темы разработки

**Наименование темы:** Подсистема электронного документооборота кафедры в составе корпоративной информационной системы университета

**Условное обозначение:** ЭДО-Кафедра

## 1.4 Плановые сроки начала и окончания работы по созданию системы

- **Начало разработки:** в соответствии с утвержденным планом цифровой трансформации университета
- **Окончание разработки:** определяется техническим заданием на разработку
- **Ввод в эксплуатацию:** поэтапно, начиная с пилотного внедрения на одной кафедре с последующим масштабированием

## 1.5 Сведения об источниках и порядке финансирования работ

Финансирование разработки осуществляется за счет средств университета, предусмотренных на модернизацию информационной инфраструктуры и внедрение цифровых технологий в образовательный процесс.

## 1.6 Порядок оформления и предъявления заказчику результатов работ по созданию системы

Результаты работ оформляются в виде:
- программного обеспечения подсистемы ЭДО кафедры;
- комплекта эксплуатационной документации;
- материалов приемо-сдаточных испытаний;
- регламентов эксплуатации и сопровождения системы.

Приемка результатов работ осуществляется комиссией, назначаемой ректором университета, с участием представителей заказчика, разработчика и службы информационных технологий университета.",
edo_department,Подсистема ЭДО кафедры,электронный документооборот,Основания для разработки,rag_gost,anthropic/claude-sonnet-4-20250514,"# 2. ОСНОВАНИЯ ДЛЯ РАЗРАБОТКИ

Разработка подсистемы электронного документооборота кафедры выполняется в соответствии с:

— Федеральным законом от 27.07.2006 № 149-ФЗ «Об информации, информационных технологиях и о защите информации»;

— Федеральным законом от 06.04.2011 № 63-ФЗ «Об электронной подписи»;

— Федеральным законом от 29.12.2012 № 273-ФЗ «Об образовании в Российской Федерации»;

— Постановлением Правительства РФ от 15.06.2009 № 478 «О единой системе информационно-телекоммуникационного обеспечения деятельности государственных органов и органов местного самоуправления»;

— требованиями к обеспечению защиты информации в информационных системах персональных данных, утвержденными приказом ФСТЭК России от 18.02.2013 № 21;

— стратегией развития информационного общества в Российской Федерации на 2017-2030 годы, утвержденной Указом Президента РФ от 09.05.2017 № 203;

— программой «Цифровая экономика Российской Федерации», утвержденной распоряжением Правительства РФ от 28.07.2017 № 1632-р;

— уставом университета и положением о кафедре;

— концепцией развития корпоративной информационной системы университета;

— техническим заданием на создание корпоративной информационной системы университета.

Необходимость создания подсистемы ЭДО кафедры обусловлена требованиями повышения эффективности управления документооборотом в структурных подразделениях университета, обеспечения прозрачности процессов согласования документов, сокращения временных затрат на обработку служебной корреспонденции и создания единого информационного пространства для работы с документами на уровне кафедры.

Подсистема разрабатывается как составная часть корпоративной информационной системы университета с обеспечением интеграции с существующими информационными системами и подсистемами вуза.","chunk_1, chunk_146, chunk_147, chunk_148, chunk_149, chunk_150, chunk_151, chunk_152"
edo_department,Подсистема ЭДО кафедры,электронный документооборот,Основания для разработки,rag_full,anthropic/claude-sonnet-4-20250514,"# 2. ОСНОВАНИЯ ДЛЯ РАЗРАБОТКИ

Разработка подсистемы электронного документооборота кафедры выполняется на основании следующих документов и обстоятельств:

## 2.1 Нормативные основания

Техническое задание разработано в соответствии с требованиями ГОСТ 19.201-78 «Техническое задание. Требования к содержанию и оформлению» и методическими рекомендациями по проектированию информационных систем для образовательных организаций высшего образования.

## 2.2 Организационные основания

Основанием для разработки подсистемы являются:
- решение руководства университета о модернизации корпоративной информационной системы;
- необходимость повышения эффективности документооборота на уровне кафедр;
- требования по обеспечению прозрачности и контролируемости процессов обработки служебной документации в структурных подразделениях вуза.

## 2.3 Техническая необходимость

Разработка подсистемы обусловлена следующими факторами:

**Проблемы существующей системы документооборота:**
- отсутствие единой автоматизированной системы регистрации и учета документов на уровне кафедры;
- неэффективность процессов согласования служебных записок, заявлений и распорядительных документов;
- отсутствие автоматизированного контроля сроков исполнения документов;
- недостаточное разграничение прав доступа к документам различных категорий.

**Потребности автоматизации:**
- обеспечение централизованного ведения реестра документов кафедры;
- автоматизация процедур согласования и утверждения документов;
- реализация системы уведомлений и контроля исполнительской дисциплины;
- интеграция с существующими подсистемами корпоративной информационной системы университета.

## 2.4 Соответствие стратегическим целям

Создание подсистемы ЭДО кафедры соответствует стратегическим направлениям цифровизации образовательного процесса и административно-хозяйственной деятельности университета, направленным на повышение качества управления и оптимизацию документооборота в структурных подразделениях.","chunk_1, chunk_2, chunk_284, chunk_272, chunk_61, chunk_90, chunk_420, chunk_430"
edo_department,Подсистема ЭДО кафедры,электронный документооборот,Назначение системы,baseline,anthropic/claude-sonnet-4-20250514,"# 2. НАЗНАЧЕНИЕ СИСТЕМЫ

## 2.1 Функциональное назначение

Подсистема электронного документооборота кафедры предназначена для автоматизации процессов создания, регистрации, согласования, утверждения и контроля исполнения документов в рамках деятельности кафедры образовательной организации высшего образования.

Подсистема обеспечивает:
- автоматизированную регистрацию входящих, исходящих и внутренних документов кафедры;
- организацию маршрутов согласования документов с учетом должностных полномочий сотрудников;
- контроль сроков исполнения поручений и документооборота;
- формирование отчетности по движению документов и состоянию исполнительской дисциплины;
- обеспечение информационной безопасности и разграничения доступа к документам.

## 2.2 Эксплуатационное назначение

Подсистема предназначена для эксплуатации в составе корпоративной информационной системы вуза и обслуживает потребности:
- заведующего кафедрой в части управления документооборотом и контроля исполнения;
- профессорско-преподавательского состава кафедры при работе с документами в рамках должностных обязанностей;
- административно-управленческого персонала кафедры при ведении делопроизводства;
- сотрудников других подразделений вуза при взаимодействии с кафедрой в части документооборота.

Подсистема функционирует в режиме многопользовательского доступа в рамках локальной вычислительной сети вуза с возможностью удаленного доступа через веб-интерфейс.",
edo_department,Подсистема ЭДО кафедры,электронный документооборот,Назначение системы,rag_gost,anthropic/claude-sonnet-4-20250514,"# 3. НАЗНАЧЕНИЕ СИСТЕМЫ

## 3.1. Функциональное назначение

Подсистема электронного документооборота кафедры предназначена для автоматизации процессов создания, регистрации, согласования, контроля исполнения и архивного хранения документов в рамках деятельности кафедры высшего учебного заведения.

Подсистема обеспечивает автоматизированную поддержку следующих основных процессов документооборота:
- регистрацию входящих, исходящих и внутренних документов кафедры;
- маршрутизацию документов по процедурам согласования и утверждения;
- контроль сроков исполнения поручений и документов;
- формирование отчетности по состоянию документооборота;
- архивное хранение документов с обеспечением их поиска и извлечения.

## 3.2. Эксплуатационное назначение

Подсистема предназначена для эксплуатации в составе корпоративной информационной системы вуза и должна обеспечивать:
- повышение эффективности документооборота кафедры за счет автоматизации рутинных операций;
- сокращение времени прохождения документов по инстанциям согласования;
- обеспечение прозрачности и контролируемости процессов документооборота;
- снижение вероятности потери документов и нарушения сроков их исполнения;
- формирование единого информационного пространства документооборота кафедры.

Подсистема должна эксплуатироваться сотрудниками кафедры с различными уровнями доступа в соответствии с их должностными обязанностями и полномочиями. Система должна обеспечивать одновременную работу всех сотрудников кафедры в режиме многопользовательского доступа с разграничением прав на просмотр, создание, редактирование и удаление документов.","chunk_1, chunk_146, chunk_147, chunk_148, chunk_149, chunk_150, chunk_151, chunk_152"
edo_department,Подсистема ЭДО кафедры,электронный документооборот,Назначение системы,rag_full,anthropic/claude-sonnet-4-20250514,"# 3. НАЗНАЧЕНИЕ СИСТЕМЫ

## 3.1 Цели создания системы

Подсистема электронного документооборота кафедры создается с целью автоматизации процессов управления документооборотом в рамках деятельности кафедры и обеспечения интеграции с корпоративной информационной системой университета.

Основными целями создания подсистемы являются:
- повышение эффективности обработки документов кафедры за счет автоматизации процессов регистрации, согласования и контроля исполнения;
- обеспечение прозрачности и контролируемости документооборота на уровне кафедры;
- сокращение временных затрат на обработку служебной документации;
- создание единого информационного пространства для работы с документами кафедры;
- обеспечение сохранности и структурированного хранения документов в электронном виде.

## 3.2 Основные функции системы

Подсистема ЭДО кафедры должна обеспечивать выполнение следующих основных функций:

- регистрация входящих, исходящих и внутренних документов кафедры с присвоением регистрационных номеров;
- организация процессов согласования документов с возможностью настройки маршрутов согласования;
- контроль сроков исполнения документов и формирование уведомлений о приближении контрольных дат;
- поиск документов по различным критериям (номер, дата, тип документа, исполнитель, ключевые слова);
- формирование отчетов о состоянии документооборота кафедры;
- архивное хранение документов с обеспечением их целостности и доступности;
- интеграция с корпоративной информационной системой университета для обмена данными.

## 3.3 Категории пользователей системы

Подсистема предназначена для использования следующими категориями пользователей:

**Заведующий кафедрой** — осуществляет общее руководство документооборотом кафедры, утверждает документы, контролирует исполнение поручений, имеет доступ ко всем документам кафедры и сводной отчетности.

**Секретарь кафедры** — выполняет регистрацию документов, ведет контроль сроков исполнения, формирует отчеты, обеспечивает техническое сопровождение документооборота.

**Преподаватели кафедры** — создают и согласовывают документы в рамках своей компетенции, получают уведомления о поступивших на исполнение документах, работают с документами согласно назначенным правам доступа.

**Администратор подсистемы** — осуществляет настройку системы, управление учетными записями пользователей, резервное копирование данных, мониторинг работоспособности подсистемы.

Разграничение прав доступа пользователей к функциям подсистемы и документам осуществляется в соответствии с их должностными обязанностями и организационной структурой кафедры.","chunk_284, chunk_2, chunk_61, chunk_272, chunk_1, chunk_90, chunk_420, chunk_430"
edo_department,Подсистема ЭДО кафедры,электронный документооборот,Требования к системе,baseline,anthropic/claude-sonnet-4-20250514,"# 3. ТРЕБОВАНИЯ К СИСТЕМЕ

## 3.1 Требования к системе в целом

### 3.1.1 Требования к структуре и функционированию системы

Подсистема ЭДО кафедры должна функционировать в составе корпоративной информационной системы вуза как интегрированный программный модуль, обеспечивающий автоматизацию процессов документооборота на уровне кафедры.

Система должна поддерживать следующие основные функции:
- регистрацию входящих, исходящих и внутренних документов кафедры;
- маршрутизацию документов по процедурам согласования и утверждения;
- контроль исполнения документов и соблюдения установленных сроков;
- поиск и просмотр документов с учетом прав доступа пользователей;
- формирование отчетности по документообороту кафедры.

Архитектура системы должна обеспечивать возможность интеграции с существующими подсистемами вуза: кадровой системой, системой управления учебным процессом, финансовой системой.

### 3.1.2 Требования к численности и квалификации пользователей

Система должна поддерживать одновременную работу до 50 пользователей, включая:
- заведующего кафедрой и его заместителей;
- профессорско-преподавательский состав кафедры;
- учебно-вспомогательный персонал;
- секретаря кафедры;
- представителей деканата и администрации вуза.

Система должна обеспечивать работу пользователей с базовыми навыками работы с персональным компьютером и веб-браузером. Специальная подготовка пользователей не требуется.

## 3.2 Требования к функциям, выполняемым системой

### 3.2.1 Регистрация и учет документов

Система должна обеспечивать:
- автоматическую регистрацию документов с присвоением уникальных номеров согласно принятой в вузе номенклатуре;
- ввод и хранение атрибутов документов: дата создания, автор, тип документа, тема, срок исполнения, приоритет;
- прикрепление файлов документов в форматах PDF, DOC, DOCX, RTF;
- ведение журнала регистрации с возможностью поиска и фильтрации.

### 3.2.2 Маршрутизация и согласование документов

Система должна поддерживать:
- настройку маршрутов согласования для различных типов документов;
- автоматическую отправку документов на согласование в соответствии с установленными маршрутами;
- фиксацию решений согласующих лиц (согласовано, отклонено, возвращено на доработку);
- уведомление участников процесса о статусе документов;
- возможность параллельного и последовательного согласования.

### 3.2.3 Контроль исполнения

Система должна обеспечивать:
- отслеживание сроков исполнения документов;
- автоматическое уведомление ответственных лиц о приближении и нарушении сроков;
- формирование списков просроченных и контрольных документов;
- возможность продления сроков исполнения с обоснованием.

### 3.2.4 Поиск и просмотр документов

Система должна предоставлять:
- полнотекстовый поиск по содержимому документов;
- поиск по атрибутам: номер, дата, автор, тип, статус;
- фильтрацию результатов поиска по различным критериям;
- просмотр документов с учетом прав доступа пользователя;
- возможность экспорта результатов поиска.

## 3.3 Требования к видам обеспечения

### 3.3.1 Требования к математическому обеспечению

Специальное математическое обеспечение не требуется.

### 3.3.2 Требования к информационному обеспечению

Система должна поддерживать следующие справочники и классификаторы:
- типы документов кафедры;
- должности и подразделения вуза;
- статусы документов;
- приоритеты исполнения;
- номенклатура дел кафедры.

База данных системы должна обеспечивать хранение документов и метаданных с возможностью резервного копирования и восстановления.

### 3.3.3 Требования к лингвистическому обеспечению

Интерфейс системы должен быть выполнен на русском языке. Система должна поддерживать обработку документов на русском языке с корректным отображением символов кириллицы.

### 3.3.4 Требования к программному обеспечению

Система должна функционировать под управлением операционных систем семейства Windows Server или Linux. Клиентская часть должна работать в веб-браузерах: Internet Explorer 11+, Mozilla Firefox, Google Chrome, Safari.

Система должна быть совместима с СУБД PostgreSQL или Microsoft SQL Server.

### 3.3.5 Требования к техническому обеспечению

Серверная часть системы должна функционировать на сервере с характеристиками:
- процессор: не менее 4 ядер с частотой 2.4 ГГц;
- оперативная память: не менее 8 ГБ;
- дисковое пространство: не менее 500 ГБ для хранения документов.

Клиентские рабочие места должны иметь:
- процессор: не менее 2 ядер с частотой 1.8 ГГц;
- оперативная память: не менее 4 ГБ;
- подключение к локальной сети вуза.

### 3.3.6 Требования к метрологическому обеспечению

Специальные требования к метрологическому обеспечению не предъявляются.

### 3.3.7 Требования к организационному обеспечению

Должны быть разработаны инструкции по эксплуатации системы для различных категорий пользователей. Необходимо обеспечить техническую поддержку системы и обучение пользователей основам работы с подсистемой ЭДО.",
edo_department,Подсистема ЭДО кафедры,электронный документооборот,Требования к системе,rag_gost,anthropic/claude-sonnet-4-20250514,"# 4. ТРЕБОВАНИЯ К СИСТЕМЕ

## 4.1. Требования к системе в целом

### 4.1.1. Функциональные требования

Подсистема ЭДО кафедры должна обеспечивать автоматизацию следующих процессов документооборота:

4.1.1.1. **Управление жизненным циклом документов:**
- регистрацию входящих, исходящих и внутренних документов с присвоением уникальных номеров;
- создание и редактирование документов различных типов (служебные записки, приказы, заявления, протоколы заседаний);
- контроль версий документов с сохранением истории изменений;
- архивирование документов по истечении установленных сроков.

4.1.1.2. **Маршрутизацию и согласование документов:**
- настройку маршрутов согласования для различных типов документов;
- автоматическое направление документов на согласование в соответствии с установленными маршрутами;
- фиксацию результатов согласования с указанием даты, времени и комментариев;
- возврат документов на доработку с указанием замечаний.

4.1.1.3. **Контроль исполнения:**
- постановку документов на контроль с указанием сроков исполнения;
- автоматическое уведомление ответственных лиц о приближении и нарушении сроков;
- формирование отчетов о состоянии исполнения поручений;
- снятие документов с контроля после подтверждения исполнения.

4.1.1.4. **Поиск и аналитику:**
- полнотекстовый поиск по содержимому документов;
- поиск по атрибутам документов (дата, автор, тип, статус);
- формирование аналитических отчетов по документообороту кафедры;
- экспорт данных в стандартные форматы для внешней обработки.

### 4.1.2. Требования к надежности

4.1.2.1. Коэффициент готовности системы должен составлять не менее 0,98 в течение рабочего времени (8:00-18:00 в рабочие дни).

4.1.2.2. Среднее время восстановления работоспособности после сбоя не должно превышать 2 часов.

4.1.2.3. Система должна обеспечивать автоматическое резервное копирование данных с периодичностью не реже одного раза в сутки.

### 4.1.3. Требования к безопасности

4.1.3.1. **Аутентификация и авторизация:**
- интеграция с корпоративной системой аутентификации вуза;
- разграничение прав доступа по ролям (заведующий кафедрой, преподаватели, секретарь);
- контроль доступа к документам в зависимости от их грифа и статуса.

4.1.3.2. **Защита информации:**
- шифрование данных при передаче по сети;
- ведение журнала аудита действий пользователей;
- защита от несанкционированного доступа к архивным данным.

4.1.3.3. **Целостность данных:**
- контроль целостности документов с использованием электронной подписи;
- защита от случайного или преднамеренного удаления документов;
- возможность восстановления данных из резервных копий.

### 4.1.4. Требования к эргономике и технической эстетике

4.1.4.1. Пользовательский интерфейс должен соответствовать принципам интуитивного взаимодействия и обеспечивать выполнение типовых операций не более чем в 3 клика.

4.1.4.2. Система должна поддерживать работу в веб-браузерах и обеспечивать адаптивный интерфейс для различных размеров экранов.

4.1.4.3. Время отклика системы на пользовательские действия не должно превышать 3 секунд для операций просмотра и 10 секунд для операций обработки документов.

## 4.2. Требования к функциям системы

### 4.2.1. Требования к составу выполняемых функций

Подсистема должна выполнять следующие основные функции:

4.2.1.1. **Функции документооборота:**
- прием и регистрация документов;
- маршрутизация документов по процессам согласования;
- контроль исполнения документов и поручений;
- архивирование и долгосрочное хранение документов.

4.2.1.2. **Функции интеграции:**
- обмен данными с корпоративной информационной системой вуза;
- интеграция с системой электронной почты для уведомлений;
- экспорт отчетности в форматах, совместимых с внешними системами.

4.2.1.3. **Административные функции:**
- управление справочниками и классификаторами;
- настройка маршрутов документооборота;
- администрирование пользователей и их прав доступа.

### 4.2.2. Требования к организации входных и выходных данных

4.2.2.1. Система должна поддерживать импорт документов в форматах PDF, DOC, DOCX, RTF, TXT.

4.2.2.2. Экспорт данных должен осуществляться в форматах PDF, Excel, CSV для обеспечения совместимости с внешними системами отчетности.

4.2.2.3. Входные формы должны обеспечивать валидацию данных и предотвращение ввода некорректной информации.

## 4.3. Требования к видам обеспечения

### 4.3.1. Требования к математическому обеспечению

Система должна использовать стандартные алгоритмы шифрования и электронной подписи, соответствующие требованиям российского законодательства в области защиты информации.

### 4.3.2. Требования к информационному обеспечению

4.3.2.1. Структура базы данных должна обеспечивать хранение метаданных документов, истории их изменений и результатов согласования.

4.3.2.2. Система должна поддерживать классификаторы типов документов, подразделений и должностей в соответствии со структурой вуза.

### 4.3.3. Требования к программному обеспечению

4.3.3.1. Подсистема должна функционировать под управлением серверных операционных систем семейства Linux или Windows Server.

4.3.3.2. Клиентская часть должна работать в современных веб-браузерах без установки дополнительного программного обеспечения.

### 4.3.4. Требования к техническому обеспечению

4.3.4.1. Серверное оборудование должно обеспечивать одновременную работу не менее 50 пользователей.

4.3.4.2. Система должна поддерживать масштабирование при увеличении количества пользователей и объема данных.","chunk_1, chunk_146, chunk_147, chunk_148, chunk_149, chunk_150, chunk_151, chunk_152"
edo_department,Подсистема ЭДО кафедры,электронный документооборот,Требования к системе,rag_full,anthropic/claude-sonnet-4-20250514,"# 4. ТРЕБОВАНИЯ К СИСТЕМЕ

## 4.1 Требования к системе в целом

### 4.1.1 Требования к структуре и функционированию системы

Подсистема ЭДО кафедры должна функционировать в составе корпоративной информационной системы университета как интегрированный программный комплекс, обеспечивающий автоматизацию процессов электронного документооборота на уровне кафедры.

Система должна обеспечивать:
- централизованное управление документооборотом кафедры с возможностью интеграции с общеуниверситетскими информационными системами;
- поддержку полного жизненного цикла документов от создания до архивного хранения;
- соблюдение требований нормативных документов университета в области документооборота и информационной безопасности.

### 4.1.2 Требования к надежности

Система должна обеспечивать:
- коэффициент готовности не менее 0,98 в рабочее время (с 8:00 до 18:00 в рабочие дни);
- автоматическое резервное копирование данных с периодичностью не реже одного раза в сутки;
- восстановление работоспособности после сбоев в течение не более 4 часов в рабочее время.

### 4.1.3 Требования к безопасности

Система должна обеспечивать:
- идентификацию и аутентификацию пользователей с использованием корпоративной системы управления учетными записями университета;
- разграничение прав доступа к документам и функциям системы в соответствии с должностными обязанностями пользователей;
- регистрацию всех действий пользователей с документами в журнале аудита;
- защиту персональных данных в соответствии с требованиями Федерального закона № 152-ФЗ «О персональных данных».

### 4.1.4 Требования к эргономике и технической эстетике

Пользовательский интерфейс системы должен:
- соответствовать принципам интуитивной навигации и обеспечивать выполнение типовых операций не более чем в 3 клика;
- поддерживать работу в веб-браузерах Chrome, Firefox, Safari, Edge актуальных версий;
- обеспечивать адаптивность интерфейса для работы на устройствах с различными разрешениями экрана.

## 4.2 Требования к функциям, выполняемым системой

### 4.2.1 Функции управления документами

Система должна обеспечивать:
- регистрацию входящих, исходящих и внутренних документов кафедры с автоматическим присвоением регистрационных номеров;
- создание и редактирование документов с использованием встроенного редактора или загрузки файлов;
- поддержку основных типов документов кафедры: служебные записки, приказы, заявления, протоколы заседаний, учебно-методические материалы;
- версионность документов с сохранением истории изменений.

### 4.2.2 Функции согласования и утверждения

Система должна обеспечивать:
- настройку маршрутов согласования документов в зависимости от их типа и содержания;
- уведомление участников процесса согласования о поступлении документов на рассмотрение;
- возможность добавления комментариев и замечаний в процессе согласования;
- фиксацию результатов согласования с указанием даты, времени и ответственного лица.

### 4.2.3 Функции контроля исполнения

Система должна обеспечивать:
- постановку документов на контроль исполнения с указанием сроков и ответственных лиц;
- автоматическое уведомление о приближении и нарушении сроков исполнения;
- формирование отчетов о состоянии исполнения поручений;
- возможность продления сроков исполнения с обоснованием.

### 4.2.4 Функции поиска и аналитики

Система должна обеспечивать:
- полнотекстовый поиск по содержимому документов;
- поиск по атрибутам документов (дата, автор, тип, статус);
- формирование аналитических отчетов по документообороту кафедры;
- экспорт данных в форматы MS Excel и PDF.

## 4.3 Требования к видам обеспечения

### 4.3.1 Требования к математическому обеспечению

Система должна использовать алгоритмы:
- полнотекстового индексирования документов;
- автоматической маршрутизации документов на основе заданных правил;
- расчета статистических показателей документооборота.

### 4.3.2 Требования к информационному обеспечению

Система должна обеспечивать:
- хранение документов в структурированном виде с метаданными;
- интеграцию со справочниками сотрудников и организационной структуры университета;
- поддержку классификаторов документов в соответствии с номенклатурой дел кафедры;
- экспорт данных для передачи в архив университета.

### 4.3.3 Требования к программному обеспечению

Система должна:
- функционировать под управлением операционных систем семейства Linux или Windows Server;
- использовать СУБД PostgreSQL или MS SQL Server;
- обеспечивать работу через веб-интерфейс без установки дополнительного программного обеспечения на рабочих местах пользователей.

### 4.3.4 Требования к техническому обеспечению

Минимальные требования к серверному оборудованию:
- процессор: 4 ядра с частотой не менее 2,4 ГГц;
- оперативная память: не менее 8 ГБ;
- дисковое пространство: не менее 500 ГБ для системы и данных;
- сетевое подключение: Ethernet 1 Гбит/с.

Требования к рабочим местам пользователей:
- веб-браузер актуальной версии;
- разрешение экрана не менее 1024×768 пикселей;
- подключение к корпоративной сети университета.","chunk_284, chunk_2, chunk_61, chunk_272, chunk_398, chunk_1, chunk_430, chunk_90"
